{
	"antialias": false,
	"buildConfig": {"debug":true,"extra":[],"platform":"html5"},
	"debugDraw": false,
	"disposeImages": false,
	"forceHiResAssets": true,
	"initSceneID": 2,
	"keys": {
		"left": ["LEFT"],
		"down": ["DOWN"],
		"right": ["RIGHT"],
		"up": ["UP"],
		"Action 1": ["A","SPACE"]
		
	},
	"pixelsnap": false,
	"physicsMode": "NORMAL_PHYSICS",
	"releaseMode": false,
	"showConsole": false,
	"stageWidth": 480,
	"stageHeight": 320,
	"toolsetInterfaceHost": "localhost",
	"toolsetInterfacePort": -1,
	"projectName": "Dungeons",
	"useGciLogging": false,
	
	"config-mobile": {
		"adPositionBottom": true,
		"autorotate": false,
		"gameScale": 1,
		"landscape": true,
		"testAds": false,
		"toolsetInterfaceHost": "192.168.1.12",

		"config-android": {
			"disableBackButton": false,
			"scaleMode": "NO_SCALING",
			"scales": ["1x","1.5x","2x","4x"]
		},
		
		"config-ios": {
			"scaleMode": "NO_SCALING",
			"scales": ["1x","1.5x","2x","4x"]
		}
	},
	
	"config-desktop": {
		"gameScale": 1.0,
		"scaleMode": "NO_SCALING",
		"scales": ["1x","1.5x","2x","4x"],
		"startInFullScreen": false
	},
	
	"config-web": {
		"gameScale": 1.0,
		"startInFullScreen": false,
		"scales": ["1x","1.5x","2x","4x"],

		"config-flash": {
			"scaleMode": "NO_SCALING"
		},
		
		"config-html5": {
			"toolsetInterfaceHost": "192.168.1.12"
		}
	}
}